{
  "project_info": {
    "project_number": "642137021499",
    "firebase_url": "https://msensors-default-rtdb.firebaseio.com",
    "project_id": "msensors",
    "storage_bucket": "msensors.appspot.com"
  },
  "client": [
    {
      "client_info": {
        "mobilesdk_app_id": "1:642137021499:android:6bb8b12f494e70586e901e",
        "android_client_info": {
          "package_name": "com.example.asma"
        }
      },
      "oauth_client": [
        {
          "client_id": "642137021499-cqdnqgl618bag9r447l2c70gm0f7jur1.apps.googleusercontent.com",
          "client_type": 3
        }
      ],
      "api_key": [
        {
          "current_key": "AIzaSyCPndKFNU5htvnqZmz5d3b1xfGgJuZaXug"
        }
      ],
      "services": {
        "appinvite_service": {
          "other_platform_oauth_client": [
            {
              "client_id": "642137021499-cqdnqgl618bag9r447l2c70gm0f7jur1.apps.googleusercontent.com",
              "client_type": 3
            },
            {
              "client_id": "642137021499-brdchgn14ihqt009mo84glosvo14efiu.apps.googleusercontent.com",
              "client_type": 2,
              "ios_info": {
                "bundle_id": "com.example.graduationProject"
              }
            }
          ]
        }
      }
    }
  ],
  "configuration_version": "1"
}